-- MySQL Script generated by MySQL Workbench
-- 07/11/19 12:03:44
-- Model: New Model    Version: 1.0
-- MySQL Workbench Forward Engineering

SET @OLD_UNIQUE_CHECKS=@@UNIQUE_CHECKS, UNIQUE_CHECKS=0;
SET @OLD_FOREIGN_KEY_CHECKS=@@FOREIGN_KEY_CHECKS, FOREIGN_KEY_CHECKS=0;
SET @OLD_SQL_MODE=@@SQL_MODE, SQL_MODE='TRADITIONAL,ALLOW_INVALID_DATES';

-- -----------------------------------------------------
-- Schema CulAmpolla
-- -----------------------------------------------------

-- -----------------------------------------------------
-- Schema CulAmpolla
-- -----------------------------------------------------
CREATE SCHEMA IF NOT EXISTS `CulAmpolla` DEFAULT CHARACTER SET utf8 COLLATE utf8_general_ci ;
USE `CulAmpolla` ;

-- -----------------------------------------------------
-- Table `CulAmpolla`.`Provider`
-- -----------------------------------------------------
CREATE TABLE IF NOT EXISTS `CulAmpolla`.`Provider` (
  `idProvider` INT NOT NULL,
  `nom` VARCHAR(45) NOT NULL,
  `address` VARCHAR(100) NULL,
  `zipCode` VARCHAR(12) NULL,
  `town` VARCHAR(50) NULL,
  `district` VARCHAR(60) NULL,
  `country` VARCHAR(80) NULL,
  `telefon` VARCHAR(15) NULL,
  `fax` VARCHAR(15) NULL,
  `vatNumber` VARCHAR(15) NOT NULL,
  PRIMARY KEY (`idProvider`),
  UNIQUE INDEX `vatNumber_UNIQUE` (`vatNumber` ASC),
  UNIQUE INDEX `idProvider_UNIQUE` (`idProvider` ASC))
ENGINE = InnoDB;


-- -----------------------------------------------------
-- Table `CulAmpolla`.`Brand`
-- -----------------------------------------------------
CREATE TABLE IF NOT EXISTS `CulAmpolla`.`Brand` (
  `idBrand` INT NOT NULL,
  `name` VARCHAR(45) NOT NULL,
  `idProvider` INT NOT NULL,
  PRIMARY KEY (`idBrand`),
  INDEX `fk_proveiderId` (`idProvider` ASC),
  UNIQUE INDEX `idBrand_UNIQUE` (`idBrand` ASC),
  CONSTRAINT `idProveider`
    FOREIGN KEY (`idProvider`)
    REFERENCES `CulAmpolla`.`Provider` (`idProvider`)
    ON DELETE NO ACTION
    ON UPDATE NO ACTION)
ENGINE = InnoDB;


-- -----------------------------------------------------
-- Table `CulAmpolla`.`Glasses`
-- -----------------------------------------------------
CREATE TABLE IF NOT EXISTS `CulAmpolla`.`Glasses` (
  `idGlasses` INT NOT NULL,
  `idBrand` INT NOT NULL,
  `prescriptionLeft` DECIMAL(4,2) NOT NULL COMMENT 'graduación gafas. \nEx.Linguee: \"Una persona con miopía leve tendrá una graduación de -3.0 dioptrías como máximo.\" - translation -> \"A person with mild myopia will have a prescription of -3.0 diopters or less.\"',
  `prescriptionRight` DECIMAL(4,2) NOT NULL,
  `frames` ENUM('pasta','flotant','metàl.lica') NOT NULL DEFAULT 'pasta',
  `framesColour` VARCHAR(25) NOT NULL DEFAULT 'negre',
  `lensColourLeft` VARCHAR(25) NOT NULL DEFAULT 'transparent',
  `lensColourRight` VARCHAR(25) NOT NULL DEFAULT 'transparent',
  `price` DECIMAL(10,2) NOT NULL,
  PRIMARY KEY (`idGlasses`),
  INDEX `fk_idBrand` (`idBrand` ASC),
  UNIQUE INDEX `idGlasses_UNIQUE` (`idGlasses` ASC),
  CONSTRAINT `brandId`
    FOREIGN KEY (`idBrand`)
    REFERENCES `CulAmpolla`.`Brand` (`idBrand`)
    ON DELETE NO ACTION
    ON UPDATE NO ACTION)
ENGINE = InnoDB;


-- -----------------------------------------------------
-- Table `CulAmpolla`.`Employee`
-- -----------------------------------------------------
CREATE TABLE IF NOT EXISTS `CulAmpolla`.`Employee` (
  `idemployee` INT NOT NULL,
  `name` VARCHAR(45) NOT NULL,
  `nif` VARCHAR(12) NOT NULL,
  PRIMARY KEY (`idemployee`),
  UNIQUE INDEX `idemployee_UNIQUE` (`idemployee` ASC))
ENGINE = InnoDB;


-- -----------------------------------------------------
-- Table `CulAmpolla`.`Recommendation`
-- -----------------------------------------------------
CREATE TABLE IF NOT EXISTS `CulAmpolla`.`Recommendation` (
  `idRecommendation` INT NOT NULL AUTO_INCREMENT,
  `CustomerId` INT NOT NULL,
  PRIMARY KEY (`idRecommendation`),
  UNIQUE INDEX `idRecommendation_UNIQUE` (`idRecommendation` ASC))
ENGINE = InnoDB;


-- -----------------------------------------------------
-- Table `CulAmpolla`.`Customer`
-- -----------------------------------------------------
CREATE TABLE IF NOT EXISTS `CulAmpolla`.`Customer` (
  `idcustomer` INT NOT NULL AUTO_INCREMENT,
  `name` VARCHAR(45) NOT NULL,
  `address` VARCHAR(80) NULL,
  `telefon` VARCHAR(12) NULL,
  `email` VARCHAR(45) NOT NULL,
  `entryDate` DATETIME NOT NULL,
  `recommendationId` INT NULL,
  PRIMARY KEY (`idcustomer`),
  INDEX `fk_Customer_Recommendation1_idx` (`recommendationId` ASC),
  UNIQUE INDEX `idcustomer_UNIQUE` (`idcustomer` ASC),
  CONSTRAINT `fk_Customer_idRecommendation`
    FOREIGN KEY (`recommendationId`)
    REFERENCES `CulAmpolla`.`Recommendation` (`idRecommendation`)
    ON DELETE NO ACTION
    ON UPDATE NO ACTION)
ENGINE = InnoDB;


-- -----------------------------------------------------
-- Table `CulAmpolla`.`Sale`
-- -----------------------------------------------------
CREATE TABLE IF NOT EXISTS `CulAmpolla`.`Sale` (
  `idSale` INT NOT NULL AUTO_INCREMENT,
  `idCustomer` INT NOT NULL,
  `idemployee` INT NOT NULL,
  PRIMARY KEY (`idSale`),
  INDEX `fk_idCustomer` (`idCustomer` ASC),
  INDEX `fk_idSaleEmployee` (`idemployee` ASC),
  UNIQUE INDEX `idSale_UNIQUE` (`idSale` ASC),
  CONSTRAINT `idCustomer`
    FOREIGN KEY (`idCustomer`)
    REFERENCES `CulAmpolla`.`Customer` (`idcustomer`)
    ON DELETE NO ACTION
    ON UPDATE NO ACTION,
  CONSTRAINT `idSaleEmployee`
    FOREIGN KEY (`idemployee`)
    REFERENCES `CulAmpolla`.`Employee` (`idemployee`)
    ON DELETE NO ACTION
    ON UPDATE NO ACTION)
ENGINE = InnoDB;


-- -----------------------------------------------------
-- Table `CulAmpolla`.`SaleLine`
-- -----------------------------------------------------
CREATE TABLE IF NOT EXISTS `CulAmpolla`.`SaleLine` (
  `idSaleLine` INT NOT NULL AUTO_INCREMENT,
  `quantity` INT NOT NULL,
  `idGlasses` INT NOT NULL,
  `idSale` INT NOT NULL,
  PRIMARY KEY (`idSaleLine`),
  INDEX `fk_idSale` (`idSale` ASC),
  INDEX `fk_idGlasses` (`idGlasses` ASC),
  UNIQUE INDEX `idSaleLine_UNIQUE` (`idSaleLine` ASC),
  CONSTRAINT `idSale`
    FOREIGN KEY (`idSale`)
    REFERENCES `CulAmpolla`.`Sale` (`idSale`)
    ON DELETE NO ACTION
    ON UPDATE NO ACTION,
  CONSTRAINT `idGlasses`
    FOREIGN KEY (`idGlasses`)
    REFERENCES `CulAmpolla`.`Glasses` (`idGlasses`)
    ON DELETE NO ACTION
    ON UPDATE NO ACTION)
ENGINE = InnoDB;


SET SQL_MODE=@OLD_SQL_MODE;
SET FOREIGN_KEY_CHECKS=@OLD_FOREIGN_KEY_CHECKS;
SET UNIQUE_CHECKS=@OLD_UNIQUE_CHECKS;

-- -----------------------------------------------------
-- Data for table `CulAmpolla`.`Provider`
-- -----------------------------------------------------
START TRANSACTION;
USE `CulAmpolla`;
INSERT INTO `CulAmpolla`.`Provider` (`idProvider`, `nom`, `address`, `zipCode`, `town`, `district`, `country`, `telefon`, `fax`, `vatNumber`) VALUES (1, 'optica universitaria', NULL, '08029', 'Barcelona', 'Barcelona', 'Spain', NULL, NULL, 'B34.894.909');
INSERT INTO `CulAmpolla`.`Provider` (`idProvider`, `nom`, `address`, `zipCode`, `town`, `district`, `country`, `telefon`, `fax`, `vatNumber`) VALUES (2, 'optica 2000', NULL, '08020', 'Barcelona', 'Barcelona', 'Spain', NULL, NULL, 'A-08.345.234');
INSERT INTO `CulAmpolla`.`Provider` (`idProvider`, `nom`, `address`, `zipCode`, `town`, `district`, `country`, `telefon`, `fax`, `vatNumber`) VALUES (3, 'Cotet', NULL, '08490', 'Rubi', 'Barcelona', 'Spain', NULL, NULL, 'B-08.567.789');

COMMIT;


-- -----------------------------------------------------
-- Data for table `CulAmpolla`.`Brand`
-- -----------------------------------------------------
START TRANSACTION;
USE `CulAmpolla`;
INSERT INTO `CulAmpolla`.`Brand` (`idBrand`, `name`, `idProvider`) VALUES (1, 'Ray-Ban', 1);
INSERT INTO `CulAmpolla`.`Brand` (`idBrand`, `name`, `idProvider`) VALUES (2, 'Oakley', 2);
INSERT INTO `CulAmpolla`.`Brand` (`idBrand`, `name`, `idProvider`) VALUES (3, 'Polaroid', 3);
INSERT INTO `CulAmpolla`.`Brand` (`idBrand`, `name`, `idProvider`) VALUES (4, 'Carolina Herrera', 1);
INSERT INTO `CulAmpolla`.`Brand` (`idBrand`, `name`, `idProvider`) VALUES (5, 'Dior', 2);
INSERT INTO `CulAmpolla`.`Brand` (`idBrand`, `name`, `idProvider`) VALUES (6, 'Persol', 3);
INSERT INTO `CulAmpolla`.`Brand` (`idBrand`, `name`, `idProvider`) VALUES (7, 'Arnette', 1);
INSERT INTO `CulAmpolla`.`Brand` (`idBrand`, `name`, `idProvider`) VALUES (8, 'Bvlgari', 2);
INSERT INTO `CulAmpolla`.`Brand` (`idBrand`, `name`, `idProvider`) VALUES (9, 'Carrera', 3);
INSERT INTO `CulAmpolla`.`Brand` (`idBrand`, `name`, `idProvider`) VALUES (10, 'Chopard', 1);
INSERT INTO `CulAmpolla`.`Brand` (`idBrand`, `name`, `idProvider`) VALUES (11, 'Diesel', 2);
INSERT INTO `CulAmpolla`.`Brand` (`idBrand`, `name`, `idProvider`) VALUES (12, 'Disney Princess', 3);
INSERT INTO `CulAmpolla`.`Brand` (`idBrand`, `name`, `idProvider`) VALUES (13, 'Dolce & Gabbana', 1);
INSERT INTO `CulAmpolla`.`Brand` (`idBrand`, `name`, `idProvider`) VALUES (14, 'Dsquared2', 2);
INSERT INTO `CulAmpolla`.`Brand` (`idBrand`, `name`, `idProvider`) VALUES (15, 'Eassun', 3);
INSERT INTO `CulAmpolla`.`Brand` (`idBrand`, `name`, `idProvider`) VALUES (16, 'Emporio Armani', 1);
INSERT INTO `CulAmpolla`.`Brand` (`idBrand`, `name`, `idProvider`) VALUES (17, 'Fendi', 2);
INSERT INTO `CulAmpolla`.`Brand` (`idBrand`, `name`, `idProvider`) VALUES (18, 'Furla', 3);
INSERT INTO `CulAmpolla`.`Brand` (`idBrand`, `name`, `idProvider`) VALUES (19, 'Giorgio Armani', 1);
INSERT INTO `CulAmpolla`.`Brand` (`idBrand`, `name`, `idProvider`) VALUES (20, 'Glossi', 2);
INSERT INTO `CulAmpolla`.`Brand` (`idBrand`, `name`, `idProvider`) VALUES (21, 'Gucci', 3);
INSERT INTO `CulAmpolla`.`Brand` (`idBrand`, `name`, `idProvider`) VALUES (22, 'Guess', 1);
INSERT INTO `CulAmpolla`.`Brand` (`idBrand`, `name`, `idProvider`) VALUES (23, 'Hally & Son', 2);
INSERT INTO `CulAmpolla`.`Brand` (`idBrand`, `name`, `idProvider`) VALUES (24, 'Hawkers Eyewear', 3);
INSERT INTO `CulAmpolla`.`Brand` (`idBrand`, `name`, `idProvider`) VALUES (25, 'Hugo', 1);
INSERT INTO `CulAmpolla`.`Brand` (`idBrand`, `name`, `idProvider`) VALUES (26, 'Hugo Boss', 2);
INSERT INTO `CulAmpolla`.`Brand` (`idBrand`, `name`, `idProvider`) VALUES (27, 'Jimmy Choo', 3);
INSERT INTO `CulAmpolla`.`Brand` (`idBrand`, `name`, `idProvider`) VALUES (28, 'Just Cavalli', 1);
INSERT INTO `CulAmpolla`.`Brand` (`idBrand`, `name`, `idProvider`) VALUES (29, 'Kypers', 2);
INSERT INTO `CulAmpolla`.`Brand` (`idBrand`, `name`, `idProvider`) VALUES (30, 'Lacoste', 3);
INSERT INTO `CulAmpolla`.`Brand` (`idBrand`, `name`, `idProvider`) VALUES (31, 'Marc Jacobs', 1);
INSERT INTO `CulAmpolla`.`Brand` (`idBrand`, `name`, `idProvider`) VALUES (32, 'Marvel Avengers', 2);
INSERT INTO `CulAmpolla`.`Brand` (`idBrand`, `name`, `idProvider`) VALUES (33, 'Michael Kors', 3);
INSERT INTO `CulAmpolla`.`Brand` (`idBrand`, `name`, `idProvider`) VALUES (34, 'Mini Munich', 1);
INSERT INTO `CulAmpolla`.`Brand` (`idBrand`, `name`, `idProvider`) VALUES (35, 'Munich', 2);
INSERT INTO `CulAmpolla`.`Brand` (`idBrand`, `name`, `idProvider`) VALUES (36, 'Nature Eyes', 3);
INSERT INTO `CulAmpolla`.`Brand` (`idBrand`, `name`, `idProvider`) VALUES (37, 'Nike', 1);
INSERT INTO `CulAmpolla`.`Brand` (`idBrand`, `name`, `idProvider`) VALUES (38, 'Oliver Peoples', 2);
INSERT INTO `CulAmpolla`.`Brand` (`idBrand`, `name`, `idProvider`) VALUES (39, 'Pierre Cardin', 3);
INSERT INTO `CulAmpolla`.`Brand` (`idBrand`, `name`, `idProvider`) VALUES (40, 'Police', 1);
INSERT INTO `CulAmpolla`.`Brand` (`idBrand`, `name`, `idProvider`) VALUES (41, 'Polo Ralph Lauren', 1);
INSERT INTO `CulAmpolla`.`Brand` (`idBrand`, `name`, `idProvider`) VALUES (42, 'Porsche', 2);
INSERT INTO `CulAmpolla`.`Brand` (`idBrand`, `name`, `idProvider`) VALUES (43, 'Prada', 3);
INSERT INTO `CulAmpolla`.`Brand` (`idBrand`, `name`, `idProvider`) VALUES (44, 'Prada Linea Rossa', 1);
INSERT INTO `CulAmpolla`.`Brand` (`idBrand`, `name`, `idProvider`) VALUES (45, 'Ralph', 2);
INSERT INTO `CulAmpolla`.`Brand` (`idBrand`, `name`, `idProvider`) VALUES (46, 'Ralph Lauren', 3);
INSERT INTO `CulAmpolla`.`Brand` (`idBrand`, `name`, `idProvider`) VALUES (47, 'Safilo Kids', 1);
INSERT INTO `CulAmpolla`.`Brand` (`idBrand`, `name`, `idProvider`) VALUES (48, 'Saint Laurent', 2);
INSERT INTO `CulAmpolla`.`Brand` (`idBrand`, `name`, `idProvider`) VALUES (49, 'Seventh Street', 3);
INSERT INTO `CulAmpolla`.`Brand` (`idBrand`, `name`, `idProvider`) VALUES (50, 'Silhouette', 1);
INSERT INTO `CulAmpolla`.`Brand` (`idBrand`, `name`, `idProvider`) VALUES (51, 'Smith', 2);
INSERT INTO `CulAmpolla`.`Brand` (`idBrand`, `name`, `idProvider`) VALUES (52, 'Squad', 3);
INSERT INTO `CulAmpolla`.`Brand` (`idBrand`, `name`, `idProvider`) VALUES (53, 'Timberland', 1);
INSERT INTO `CulAmpolla`.`Brand` (`idBrand`, `name`, `idProvider`) VALUES (54, 'Tom Ford', 2);
INSERT INTO `CulAmpolla`.`Brand` (`idBrand`, `name`, `idProvider`) VALUES (55, 'Tommy Hilfiger', 3);
INSERT INTO `CulAmpolla`.`Brand` (`idBrand`, `name`, `idProvider`) VALUES (56, 'Tous', 1);
INSERT INTO `CulAmpolla`.`Brand` (`idBrand`, `name`, `idProvider`) VALUES (57, 'Urband', 2);
INSERT INTO `CulAmpolla`.`Brand` (`idBrand`, `name`, `idProvider`) VALUES (58, 'Vogue', 3);

COMMIT;


-- -----------------------------------------------------
-- Data for table `CulAmpolla`.`Glasses`
-- -----------------------------------------------------
START TRANSACTION;
USE `CulAmpolla`;
INSERT INTO `CulAmpolla`.`Glasses` (`idGlasses`, `idBrand`, `prescriptionLeft`, `prescriptionRight`, `frames`, `framesColour`, `lensColourLeft`, `lensColourRight`, `price`) VALUES (1, 1, 1, 3, 'pasta', 'negre', 'transparent', 'transparent', 100.34);
INSERT INTO `CulAmpolla`.`Glasses` (`idGlasses`, `idBrand`, `prescriptionLeft`, `prescriptionRight`, `frames`, `framesColour`, `lensColourLeft`, `lensColourRight`, `price`) VALUES (2, 2, 2, 2, 'pasta', 'negre', 'transparent', 'transparent', 120.5);
INSERT INTO `CulAmpolla`.`Glasses` (`idGlasses`, `idBrand`, `prescriptionLeft`, `prescriptionRight`, `frames`, `framesColour`, `lensColourLeft`, `lensColourRight`, `price`) VALUES (3, 3, 3, 1, 'pasta', 'negre', 'transparent', 'transparent', 140.66);
INSERT INTO `CulAmpolla`.`Glasses` (`idGlasses`, `idBrand`, `prescriptionLeft`, `prescriptionRight`, `frames`, `framesColour`, `lensColourLeft`, `lensColourRight`, `price`) VALUES (4, 4, 1, 3, 'pasta', 'vermell', 'transparent', 'transparent', 160.82);
INSERT INTO `CulAmpolla`.`Glasses` (`idGlasses`, `idBrand`, `prescriptionLeft`, `prescriptionRight`, `frames`, `framesColour`, `lensColourLeft`, `lensColourRight`, `price`) VALUES (5, 5, 2, 2, 'pasta', 'vermell', 'transparent', 'transparent', 180.98);
INSERT INTO `CulAmpolla`.`Glasses` (`idGlasses`, `idBrand`, `prescriptionLeft`, `prescriptionRight`, `frames`, `framesColour`, `lensColourLeft`, `lensColourRight`, `price`) VALUES (6, 6, 3, 1, 'pasta', 'vermell', 'transparent', 'transparent', 201.14);
INSERT INTO `CulAmpolla`.`Glasses` (`idGlasses`, `idBrand`, `prescriptionLeft`, `prescriptionRight`, `frames`, `framesColour`, `lensColourLeft`, `lensColourRight`, `price`) VALUES (7, 7, 1, 3.3, 'pasta', 'verd', 'transparent', 'transparent', 221.3);
INSERT INTO `CulAmpolla`.`Glasses` (`idGlasses`, `idBrand`, `prescriptionLeft`, `prescriptionRight`, `frames`, `framesColour`, `lensColourLeft`, `lensColourRight`, `price`) VALUES (8, 8, 2, 1.2, 'pasta', 'verd', 'transparent', 'transparent', 241.46);
INSERT INTO `CulAmpolla`.`Glasses` (`idGlasses`, `idBrand`, `prescriptionLeft`, `prescriptionRight`, `frames`, `framesColour`, `lensColourLeft`, `lensColourRight`, `price`) VALUES (9, 9, 3, 2.2, 'pasta', 'verd', 'transparent', 'transparent', 261.62);
INSERT INTO `CulAmpolla`.`Glasses` (`idGlasses`, `idBrand`, `prescriptionLeft`, `prescriptionRight`, `frames`, `framesColour`, `lensColourLeft`, `lensColourRight`, `price`) VALUES (10, 10, 1, 0.1, 'pasta', 'blau', 'transparent', 'transparent', 281.78);
INSERT INTO `CulAmpolla`.`Glasses` (`idGlasses`, `idBrand`, `prescriptionLeft`, `prescriptionRight`, `frames`, `framesColour`, `lensColourLeft`, `lensColourRight`, `price`) VALUES (11, 11, 2, 0.2, 'pasta', 'blau', 'transparent', 'transparent', 301.94);
INSERT INTO `CulAmpolla`.`Glasses` (`idGlasses`, `idBrand`, `prescriptionLeft`, `prescriptionRight`, `frames`, `framesColour`, `lensColourLeft`, `lensColourRight`, `price`) VALUES (12, 12, 3, 0.3, 'pasta', 'blau', 'transparent', 'transparent', 322.1);
INSERT INTO `CulAmpolla`.`Glasses` (`idGlasses`, `idBrand`, `prescriptionLeft`, `prescriptionRight`, `frames`, `framesColour`, `lensColourLeft`, `lensColourRight`, `price`) VALUES (13, 13, 1, 0.4, 'pasta', 'lila', 'transparent', 'transparent', 342.26);
INSERT INTO `CulAmpolla`.`Glasses` (`idGlasses`, `idBrand`, `prescriptionLeft`, `prescriptionRight`, `frames`, `framesColour`, `lensColourLeft`, `lensColourRight`, `price`) VALUES (14, 14, 2, 0.5, 'pasta', 'lila', 'transparent', 'transparent', 362.42);
INSERT INTO `CulAmpolla`.`Glasses` (`idGlasses`, `idBrand`, `prescriptionLeft`, `prescriptionRight`, `frames`, `framesColour`, `lensColourLeft`, `lensColourRight`, `price`) VALUES (15, 15, 3, 0.6, 'pasta', 'lila', 'transparent', 'transparent', 382.58);
INSERT INTO `CulAmpolla`.`Glasses` (`idGlasses`, `idBrand`, `prescriptionLeft`, `prescriptionRight`, `frames`, `framesColour`, `lensColourLeft`, `lensColourRight`, `price`) VALUES (16, 16, 1, 0.7, 'pasta', 'groc', 'transparent', 'transparent', 402.74);
INSERT INTO `CulAmpolla`.`Glasses` (`idGlasses`, `idBrand`, `prescriptionLeft`, `prescriptionRight`, `frames`, `framesColour`, `lensColourLeft`, `lensColourRight`, `price`) VALUES (17, 17, 2, 0.8, 'pasta', 'groc', 'transparent', 'transparent', 422.9);
INSERT INTO `CulAmpolla`.`Glasses` (`idGlasses`, `idBrand`, `prescriptionLeft`, `prescriptionRight`, `frames`, `framesColour`, `lensColourLeft`, `lensColourRight`, `price`) VALUES (18, 18, 3, 0.9, 'pasta', 'groc', 'negre', 'negre', 85);
INSERT INTO `CulAmpolla`.`Glasses` (`idGlasses`, `idBrand`, `prescriptionLeft`, `prescriptionRight`, `frames`, `framesColour`, `lensColourLeft`, `lensColourRight`, `price`) VALUES (19, 19, 1, 1, 'pasta', 'taronja', 'negre', 'negre', 90);
INSERT INTO `CulAmpolla`.`Glasses` (`idGlasses`, `idBrand`, `prescriptionLeft`, `prescriptionRight`, `frames`, `framesColour`, `lensColourLeft`, `lensColourRight`, `price`) VALUES (20, 20, 2, 1.1, 'pasta', 'taronja', 'negre', 'negre', 95);
INSERT INTO `CulAmpolla`.`Glasses` (`idGlasses`, `idBrand`, `prescriptionLeft`, `prescriptionRight`, `frames`, `framesColour`, `lensColourLeft`, `lensColourRight`, `price`) VALUES (21, 21, 3, 1.2, 'pasta', 'taronja', 'negre', 'negre', 100);
INSERT INTO `CulAmpolla`.`Glasses` (`idGlasses`, `idBrand`, `prescriptionLeft`, `prescriptionRight`, `frames`, `framesColour`, `lensColourLeft`, `lensColourRight`, `price`) VALUES (22, 22, 1, 1.3, 'pasta', 'negre', 'negre', 'negre', 105);
INSERT INTO `CulAmpolla`.`Glasses` (`idGlasses`, `idBrand`, `prescriptionLeft`, `prescriptionRight`, `frames`, `framesColour`, `lensColourLeft`, `lensColourRight`, `price`) VALUES (23, 23, 2, 1.4, 'pasta', 'negre', 'negre', 'negre', 110);
INSERT INTO `CulAmpolla`.`Glasses` (`idGlasses`, `idBrand`, `prescriptionLeft`, `prescriptionRight`, `frames`, `framesColour`, `lensColourLeft`, `lensColourRight`, `price`) VALUES (24, 24, 3, 1.5, 'flotant', DEFAULT, 'negre', 'negre', 115);
INSERT INTO `CulAmpolla`.`Glasses` (`idGlasses`, `idBrand`, `prescriptionLeft`, `prescriptionRight`, `frames`, `framesColour`, `lensColourLeft`, `lensColourRight`, `price`) VALUES (25, 25, 1, 1.6, 'flotant', DEFAULT, 'negre', 'negre', 120);
INSERT INTO `CulAmpolla`.`Glasses` (`idGlasses`, `idBrand`, `prescriptionLeft`, `prescriptionRight`, `frames`, `framesColour`, `lensColourLeft`, `lensColourRight`, `price`) VALUES (26, 26, 2, 1.7, 'flotant', DEFAULT, 'negre', 'negre', 125);
INSERT INTO `CulAmpolla`.`Glasses` (`idGlasses`, `idBrand`, `prescriptionLeft`, `prescriptionRight`, `frames`, `framesColour`, `lensColourLeft`, `lensColourRight`, `price`) VALUES (27, 27, 3, 1.8, 'flotant', DEFAULT, 'negre', 'negre', 130);
INSERT INTO `CulAmpolla`.`Glasses` (`idGlasses`, `idBrand`, `prescriptionLeft`, `prescriptionRight`, `frames`, `framesColour`, `lensColourLeft`, `lensColourRight`, `price`) VALUES (28, 28, 1, 1.9, 'flotant', DEFAULT, 'negre', 'negre', 135);
INSERT INTO `CulAmpolla`.`Glasses` (`idGlasses`, `idBrand`, `prescriptionLeft`, `prescriptionRight`, `frames`, `framesColour`, `lensColourLeft`, `lensColourRight`, `price`) VALUES (29, 29, 2, 2, 'flotant', DEFAULT, 'negre', 'negre', 140);
INSERT INTO `CulAmpolla`.`Glasses` (`idGlasses`, `idBrand`, `prescriptionLeft`, `prescriptionRight`, `frames`, `framesColour`, `lensColourLeft`, `lensColourRight`, `price`) VALUES (30, 30, 3, 2.1, 'flotant', DEFAULT, 'negre', 'negre', 145);
INSERT INTO `CulAmpolla`.`Glasses` (`idGlasses`, `idBrand`, `prescriptionLeft`, `prescriptionRight`, `frames`, `framesColour`, `lensColourLeft`, `lensColourRight`, `price`) VALUES (31, 31, 1, 2.2, 'flotant', DEFAULT, 'negre', 'negre', 150);
INSERT INTO `CulAmpolla`.`Glasses` (`idGlasses`, `idBrand`, `prescriptionLeft`, `prescriptionRight`, `frames`, `framesColour`, `lensColourLeft`, `lensColourRight`, `price`) VALUES (32, 32, 2, 2.3, 'flotant', DEFAULT, 'rosat', 'rosat', 155);
INSERT INTO `CulAmpolla`.`Glasses` (`idGlasses`, `idBrand`, `prescriptionLeft`, `prescriptionRight`, `frames`, `framesColour`, `lensColourLeft`, `lensColourRight`, `price`) VALUES (33, 33, 3, 2.4, 'flotant', DEFAULT, 'rosat', 'rosat', 160);
INSERT INTO `CulAmpolla`.`Glasses` (`idGlasses`, `idBrand`, `prescriptionLeft`, `prescriptionRight`, `frames`, `framesColour`, `lensColourLeft`, `lensColourRight`, `price`) VALUES (34, 34, 1, 2.5, 'flotant', DEFAULT, 'rosat', 'rosat', 165);
INSERT INTO `CulAmpolla`.`Glasses` (`idGlasses`, `idBrand`, `prescriptionLeft`, `prescriptionRight`, `frames`, `framesColour`, `lensColourLeft`, `lensColourRight`, `price`) VALUES (35, 35, 2, 2.6, 'flotant', DEFAULT, 'rosat', 'rosat', 170);
INSERT INTO `CulAmpolla`.`Glasses` (`idGlasses`, `idBrand`, `prescriptionLeft`, `prescriptionRight`, `frames`, `framesColour`, `lensColourLeft`, `lensColourRight`, `price`) VALUES (36, 36, 3, 2.7, 'flotant', DEFAULT, 'rosat', 'rosat', 175);
INSERT INTO `CulAmpolla`.`Glasses` (`idGlasses`, `idBrand`, `prescriptionLeft`, `prescriptionRight`, `frames`, `framesColour`, `lensColourLeft`, `lensColourRight`, `price`) VALUES (37, 37, 1, 2.8, 'flotant', DEFAULT, 'rosat', 'rosat', 180);
INSERT INTO `CulAmpolla`.`Glasses` (`idGlasses`, `idBrand`, `prescriptionLeft`, `prescriptionRight`, `frames`, `framesColour`, `lensColourLeft`, `lensColourRight`, `price`) VALUES (38, 38, 2, 2.9, 'flotant', DEFAULT, 'rosat', 'rosat', 185);
INSERT INTO `CulAmpolla`.`Glasses` (`idGlasses`, `idBrand`, `prescriptionLeft`, `prescriptionRight`, `frames`, `framesColour`, `lensColourLeft`, `lensColourRight`, `price`) VALUES (39, 39, 3, 3, 'flotant', DEFAULT, 'transparent', 'transparent', 190);
INSERT INTO `CulAmpolla`.`Glasses` (`idGlasses`, `idBrand`, `prescriptionLeft`, `prescriptionRight`, `frames`, `framesColour`, `lensColourLeft`, `lensColourRight`, `price`) VALUES (40, 40, 1, 3.1, 'flotant', DEFAULT, 'transparent', 'transparent', 195);
INSERT INTO `CulAmpolla`.`Glasses` (`idGlasses`, `idBrand`, `prescriptionLeft`, `prescriptionRight`, `frames`, `framesColour`, `lensColourLeft`, `lensColourRight`, `price`) VALUES (41, 41, 1, 3.2, 'flotant', DEFAULT, 'transparent', 'transparent', 200);
INSERT INTO `CulAmpolla`.`Glasses` (`idGlasses`, `idBrand`, `prescriptionLeft`, `prescriptionRight`, `frames`, `framesColour`, `lensColourLeft`, `lensColourRight`, `price`) VALUES (42, 42, 2, 3.3, 'flotant', DEFAULT, 'transparent', 'transparent', 205);
INSERT INTO `CulAmpolla`.`Glasses` (`idGlasses`, `idBrand`, `prescriptionLeft`, `prescriptionRight`, `frames`, `framesColour`, `lensColourLeft`, `lensColourRight`, `price`) VALUES (43, 43, 3, 3.4, 'flotant', DEFAULT, 'transparent', 'transparent', 210);
INSERT INTO `CulAmpolla`.`Glasses` (`idGlasses`, `idBrand`, `prescriptionLeft`, `prescriptionRight`, `frames`, `framesColour`, `lensColourLeft`, `lensColourRight`, `price`) VALUES (44, 44, 1, 3.5, 'flotant', DEFAULT, 'transparent', 'transparent', 215);
INSERT INTO `CulAmpolla`.`Glasses` (`idGlasses`, `idBrand`, `prescriptionLeft`, `prescriptionRight`, `frames`, `framesColour`, `lensColourLeft`, `lensColourRight`, `price`) VALUES (45, 45, 2, 3.6, 'flotant', DEFAULT, 'transparent', 'transparent', 220);
INSERT INTO `CulAmpolla`.`Glasses` (`idGlasses`, `idBrand`, `prescriptionLeft`, `prescriptionRight`, `frames`, `framesColour`, `lensColourLeft`, `lensColourRight`, `price`) VALUES (46, 46, 3, 3.7, 'flotant', DEFAULT, 'transparent', 'transparent', 225);
INSERT INTO `CulAmpolla`.`Glasses` (`idGlasses`, `idBrand`, `prescriptionLeft`, `prescriptionRight`, `frames`, `framesColour`, `lensColourLeft`, `lensColourRight`, `price`) VALUES (47, 47, 1, 3.8, 'flotant', DEFAULT, 'transparent', 'transparent', 230);
INSERT INTO `CulAmpolla`.`Glasses` (`idGlasses`, `idBrand`, `prescriptionLeft`, `prescriptionRight`, `frames`, `framesColour`, `lensColourLeft`, `lensColourRight`, `price`) VALUES (48, 48, 2, 3.9, 'flotant', DEFAULT, 'transparent', 'transparent', 235);
INSERT INTO `CulAmpolla`.`Glasses` (`idGlasses`, `idBrand`, `prescriptionLeft`, `prescriptionRight`, `frames`, `framesColour`, `lensColourLeft`, `lensColourRight`, `price`) VALUES (49, 49, 3, 4, 'flotant', DEFAULT, 'transparent', 'transparent', 240);
INSERT INTO `CulAmpolla`.`Glasses` (`idGlasses`, `idBrand`, `prescriptionLeft`, `prescriptionRight`, `frames`, `framesColour`, `lensColourLeft`, `lensColourRight`, `price`) VALUES (50, 50, 1, 4.1, 'flotant', DEFAULT, 'transparent', 'transparent', 245);
INSERT INTO `CulAmpolla`.`Glasses` (`idGlasses`, `idBrand`, `prescriptionLeft`, `prescriptionRight`, `frames`, `framesColour`, `lensColourLeft`, `lensColourRight`, `price`) VALUES (51, 51, 2, 4.2, 'flotant', DEFAULT, 'transparent', 'transparent', 250);
INSERT INTO `CulAmpolla`.`Glasses` (`idGlasses`, `idBrand`, `prescriptionLeft`, `prescriptionRight`, `frames`, `framesColour`, `lensColourLeft`, `lensColourRight`, `price`) VALUES (52, 52, 3, 4.3, 'flotant', DEFAULT, 'transparent', 'transparent', 255);
INSERT INTO `CulAmpolla`.`Glasses` (`idGlasses`, `idBrand`, `prescriptionLeft`, `prescriptionRight`, `frames`, `framesColour`, `lensColourLeft`, `lensColourRight`, `price`) VALUES (53, 53, 1, 4.4, 'flotant', DEFAULT, 'transparent', 'transparent', 260);
INSERT INTO `CulAmpolla`.`Glasses` (`idGlasses`, `idBrand`, `prescriptionLeft`, `prescriptionRight`, `frames`, `framesColour`, `lensColourLeft`, `lensColourRight`, `price`) VALUES (54, 54, 2, 4.5, 'flotant', DEFAULT, 'transparent', 'transparent', 265);
INSERT INTO `CulAmpolla`.`Glasses` (`idGlasses`, `idBrand`, `prescriptionLeft`, `prescriptionRight`, `frames`, `framesColour`, `lensColourLeft`, `lensColourRight`, `price`) VALUES (55, 55, 3, 4.6, 'flotant', DEFAULT, 'transparent', 'transparent', 270);
INSERT INTO `CulAmpolla`.`Glasses` (`idGlasses`, `idBrand`, `prescriptionLeft`, `prescriptionRight`, `frames`, `framesColour`, `lensColourLeft`, `lensColourRight`, `price`) VALUES (56, 56, 1, 4.7, 'flotant', DEFAULT, 'transparent', 'transparent', 275);
INSERT INTO `CulAmpolla`.`Glasses` (`idGlasses`, `idBrand`, `prescriptionLeft`, `prescriptionRight`, `frames`, `framesColour`, `lensColourLeft`, `lensColourRight`, `price`) VALUES (57, 57, 2, 4.8, 'flotant', DEFAULT, 'transparent', 'transparent', 280);
INSERT INTO `CulAmpolla`.`Glasses` (`idGlasses`, `idBrand`, `prescriptionLeft`, `prescriptionRight`, `frames`, `framesColour`, `lensColourLeft`, `lensColourRight`, `price`) VALUES (58, 58, 3, 4.9, 'flotant', DEFAULT, 'transparent', 'transparent', 285);

COMMIT;


-- -----------------------------------------------------
-- Data for table `CulAmpolla`.`Employee`
-- -----------------------------------------------------
START TRANSACTION;
USE `CulAmpolla`;
INSERT INTO `CulAmpolla`.`Employee` (`idemployee`, `name`, `nif`) VALUES (1, 'Luis Hernandez', '34.557.987-L');
INSERT INTO `CulAmpolla`.`Employee` (`idemployee`, `name`, `nif`) VALUES (2, 'Maria de los Palotes', '32.333.897-K');
INSERT INTO `CulAmpolla`.`Employee` (`idemployee`, `name`, `nif`) VALUES (3, 'Miguel Madrueño', '76.987.434-J');

COMMIT;


-- -----------------------------------------------------
-- Data for table `CulAmpolla`.`Recommendation`
-- -----------------------------------------------------
START TRANSACTION;
USE `CulAmpolla`;
INSERT INTO `CulAmpolla`.`Recommendation` (`idRecommendation`, `CustomerId`) VALUES (1, 3);
INSERT INTO `CulAmpolla`.`Recommendation` (`idRecommendation`, `CustomerId`) VALUES (2, 3);
INSERT INTO `CulAmpolla`.`Recommendation` (`idRecommendation`, `CustomerId`) VALUES (3, 3);
INSERT INTO `CulAmpolla`.`Recommendation` (`idRecommendation`, `CustomerId`) VALUES (4, 3);

COMMIT;


-- -----------------------------------------------------
-- Data for table `CulAmpolla`.`Customer`
-- -----------------------------------------------------
START TRANSACTION;
USE `CulAmpolla`;
INSERT INTO `CulAmpolla`.`Customer` (`idcustomer`, `name`, `address`, `telefon`, `email`, `entryDate`, `recommendationId`) VALUES (1, 'Lola Rodriguez', NULL, NULL, 'lola@gmail.com', '2019-05-22', NULL);
INSERT INTO `CulAmpolla`.`Customer` (`idcustomer`, `name`, `address`, `telefon`, `email`, `entryDate`, `recommendationId`) VALUES (2, 'Anna Fernandez', NULL, NULL, 'anna@gmail.com', '2019-06-23', NULL);
INSERT INTO `CulAmpolla`.`Customer` (`idcustomer`, `name`, `address`, `telefon`, `email`, `entryDate`, `recommendationId`) VALUES (3, 'Pol Batlló', NULL, NULL, 'pol@gmail.com', '2019-06-25', NULL);
INSERT INTO `CulAmpolla`.`Customer` (`idcustomer`, `name`, `address`, `telefon`, `email`, `entryDate`, `recommendationId`) VALUES (4, 'Pau Camproví', NULL, NULL, 'pau@gmail.com', '2019-06-28', 1);
INSERT INTO `CulAmpolla`.`Customer` (`idcustomer`, `name`, `address`, `telefon`, `email`, `entryDate`, `recommendationId`) VALUES (5, 'Albert Colom', NULL, NULL, 'albert@gmail.com', '2019-07-03', 2);
INSERT INTO `CulAmpolla`.`Customer` (`idcustomer`, `name`, `address`, `telefon`, `email`, `entryDate`, `recommendationId`) VALUES (6, 'Maria Quintana', NULL, NULL, 'maria@gmail.com', '2019-07-04', 3);
INSERT INTO `CulAmpolla`.`Customer` (`idcustomer`, `name`, `address`, `telefon`, `email`, `entryDate`, `recommendationId`) VALUES (7, 'Angel Navarro', NULL, NULL, 'angel@gmail.com', '2019-07-08', 4);

COMMIT;


-- -----------------------------------------------------
-- Data for table `CulAmpolla`.`Sale`
-- -----------------------------------------------------
START TRANSACTION;
USE `CulAmpolla`;
INSERT INTO `CulAmpolla`.`Sale` (`idSale`, `idCustomer`, `idemployee`) VALUES (1, 1, 1);
INSERT INTO `CulAmpolla`.`Sale` (`idSale`, `idCustomer`, `idemployee`) VALUES (2, 2, 1);
INSERT INTO `CulAmpolla`.`Sale` (`idSale`, `idCustomer`, `idemployee`) VALUES (3, 3, 1);
INSERT INTO `CulAmpolla`.`Sale` (`idSale`, `idCustomer`, `idemployee`) VALUES (4, 4, 1);
INSERT INTO `CulAmpolla`.`Sale` (`idSale`, `idCustomer`, `idemployee`) VALUES (5, 5, 2);
INSERT INTO `CulAmpolla`.`Sale` (`idSale`, `idCustomer`, `idemployee`) VALUES (6, 6, 2);
INSERT INTO `CulAmpolla`.`Sale` (`idSale`, `idCustomer`, `idemployee`) VALUES (7, 7, 2);
INSERT INTO `CulAmpolla`.`Sale` (`idSale`, `idCustomer`, `idemployee`) VALUES (8, 2, 3);
INSERT INTO `CulAmpolla`.`Sale` (`idSale`, `idCustomer`, `idemployee`) VALUES (9, 5, 3);
INSERT INTO `CulAmpolla`.`Sale` (`idSale`, `idCustomer`, `idemployee`) VALUES (10, 4, 3);
INSERT INTO `CulAmpolla`.`Sale` (`idSale`, `idCustomer`, `idemployee`) VALUES (11, 2, 3);

COMMIT;


-- -----------------------------------------------------
-- Data for table `CulAmpolla`.`SaleLine`
-- -----------------------------------------------------
START TRANSACTION;
USE `CulAmpolla`;
INSERT INTO `CulAmpolla`.`SaleLine` (`idSaleLine`, `quantity`, `idGlasses`, `idSale`) VALUES (1, 1, 58, 1);
INSERT INTO `CulAmpolla`.`SaleLine` (`idSaleLine`, `quantity`, `idGlasses`, `idSale`) VALUES (2, 1, 57, 2);
INSERT INTO `CulAmpolla`.`SaleLine` (`idSaleLine`, `quantity`, `idGlasses`, `idSale`) VALUES (3, 1, 56, 3);
INSERT INTO `CulAmpolla`.`SaleLine` (`idSaleLine`, `quantity`, `idGlasses`, `idSale`) VALUES (4, 1, 55, 4);
INSERT INTO `CulAmpolla`.`SaleLine` (`idSaleLine`, `quantity`, `idGlasses`, `idSale`) VALUES (5, 1, 54, 5);
INSERT INTO `CulAmpolla`.`SaleLine` (`idSaleLine`, `quantity`, `idGlasses`, `idSale`) VALUES (6, 1, 53, 6);
INSERT INTO `CulAmpolla`.`SaleLine` (`idSaleLine`, `quantity`, `idGlasses`, `idSale`) VALUES (7, 1, 52, 7);
INSERT INTO `CulAmpolla`.`SaleLine` (`idSaleLine`, `quantity`, `idGlasses`, `idSale`) VALUES (8, 1, 51, 8);
INSERT INTO `CulAmpolla`.`SaleLine` (`idSaleLine`, `quantity`, `idGlasses`, `idSale`) VALUES (9, 1, 50, 9);
INSERT INTO `CulAmpolla`.`SaleLine` (`idSaleLine`, `quantity`, `idGlasses`, `idSale`) VALUES (10, 1, 49, 10);
INSERT INTO `CulAmpolla`.`SaleLine` (`idSaleLine`, `quantity`, `idGlasses`, `idSale`) VALUES (11, 1, 48, 11);
INSERT INTO `CulAmpolla`.`SaleLine` (`idSaleLine`, `quantity`, `idGlasses`, `idSale`) VALUES (12, 1, 47, 1);
INSERT INTO `CulAmpolla`.`SaleLine` (`idSaleLine`, `quantity`, `idGlasses`, `idSale`) VALUES (13, 1, 46, 2);
INSERT INTO `CulAmpolla`.`SaleLine` (`idSaleLine`, `quantity`, `idGlasses`, `idSale`) VALUES (14, 1, 45, 3);
INSERT INTO `CulAmpolla`.`SaleLine` (`idSaleLine`, `quantity`, `idGlasses`, `idSale`) VALUES (15, 1, 44, 4);
INSERT INTO `CulAmpolla`.`SaleLine` (`idSaleLine`, `quantity`, `idGlasses`, `idSale`) VALUES (16, 1, 43, 5);
INSERT INTO `CulAmpolla`.`SaleLine` (`idSaleLine`, `quantity`, `idGlasses`, `idSale`) VALUES (17, 1, 42, 6);
INSERT INTO `CulAmpolla`.`SaleLine` (`idSaleLine`, `quantity`, `idGlasses`, `idSale`) VALUES (18, 1, 41, 7);
INSERT INTO `CulAmpolla`.`SaleLine` (`idSaleLine`, `quantity`, `idGlasses`, `idSale`) VALUES (19, 3, 40, 8);
INSERT INTO `CulAmpolla`.`SaleLine` (`idSaleLine`, `quantity`, `idGlasses`, `idSale`) VALUES (20, 1, 39, 9);
INSERT INTO `CulAmpolla`.`SaleLine` (`idSaleLine`, `quantity`, `idGlasses`, `idSale`) VALUES (21, 1, 38, 10);
INSERT INTO `CulAmpolla`.`SaleLine` (`idSaleLine`, `quantity`, `idGlasses`, `idSale`) VALUES (22, 1, 37, 11);
INSERT INTO `CulAmpolla`.`SaleLine` (`idSaleLine`, `quantity`, `idGlasses`, `idSale`) VALUES (23, 1, 36, 1);
INSERT INTO `CulAmpolla`.`SaleLine` (`idSaleLine`, `quantity`, `idGlasses`, `idSale`) VALUES (24, 1, 35, 2);
INSERT INTO `CulAmpolla`.`SaleLine` (`idSaleLine`, `quantity`, `idGlasses`, `idSale`) VALUES (25, 1, 34, 3);
INSERT INTO `CulAmpolla`.`SaleLine` (`idSaleLine`, `quantity`, `idGlasses`, `idSale`) VALUES (26, 2, 33, 4);
INSERT INTO `CulAmpolla`.`SaleLine` (`idSaleLine`, `quantity`, `idGlasses`, `idSale`) VALUES (27, 1, 32, 5);
INSERT INTO `CulAmpolla`.`SaleLine` (`idSaleLine`, `quantity`, `idGlasses`, `idSale`) VALUES (28, 1, 31, 6);
INSERT INTO `CulAmpolla`.`SaleLine` (`idSaleLine`, `quantity`, `idGlasses`, `idSale`) VALUES (29, 1, 30, 7);
INSERT INTO `CulAmpolla`.`SaleLine` (`idSaleLine`, `quantity`, `idGlasses`, `idSale`) VALUES (30, 1, 29, 8);
INSERT INTO `CulAmpolla`.`SaleLine` (`idSaleLine`, `quantity`, `idGlasses`, `idSale`) VALUES (31, 1, 28, 9);
INSERT INTO `CulAmpolla`.`SaleLine` (`idSaleLine`, `quantity`, `idGlasses`, `idSale`) VALUES (32, 1, 27, 10);
INSERT INTO `CulAmpolla`.`SaleLine` (`idSaleLine`, `quantity`, `idGlasses`, `idSale`) VALUES (33, 1, 26, 11);
INSERT INTO `CulAmpolla`.`SaleLine` (`idSaleLine`, `quantity`, `idGlasses`, `idSale`) VALUES (34, 1, 25, 1);
INSERT INTO `CulAmpolla`.`SaleLine` (`idSaleLine`, `quantity`, `idGlasses`, `idSale`) VALUES (35, 1, 24, 2);
INSERT INTO `CulAmpolla`.`SaleLine` (`idSaleLine`, `quantity`, `idGlasses`, `idSale`) VALUES (36, 1, 23, 3);
INSERT INTO `CulAmpolla`.`SaleLine` (`idSaleLine`, `quantity`, `idGlasses`, `idSale`) VALUES (37, 1, 22, 4);
INSERT INTO `CulAmpolla`.`SaleLine` (`idSaleLine`, `quantity`, `idGlasses`, `idSale`) VALUES (38, 1, 21, 5);
INSERT INTO `CulAmpolla`.`SaleLine` (`idSaleLine`, `quantity`, `idGlasses`, `idSale`) VALUES (39, 3, 20, 6);
INSERT INTO `CulAmpolla`.`SaleLine` (`idSaleLine`, `quantity`, `idGlasses`, `idSale`) VALUES (40, 1, 19, 7);
INSERT INTO `CulAmpolla`.`SaleLine` (`idSaleLine`, `quantity`, `idGlasses`, `idSale`) VALUES (41, 1, 18, 8);
INSERT INTO `CulAmpolla`.`SaleLine` (`idSaleLine`, `quantity`, `idGlasses`, `idSale`) VALUES (42, 1, 17, 9);
INSERT INTO `CulAmpolla`.`SaleLine` (`idSaleLine`, `quantity`, `idGlasses`, `idSale`) VALUES (43, 1, 16, 10);
INSERT INTO `CulAmpolla`.`SaleLine` (`idSaleLine`, `quantity`, `idGlasses`, `idSale`) VALUES (44, 1, 15, 11);
INSERT INTO `CulAmpolla`.`SaleLine` (`idSaleLine`, `quantity`, `idGlasses`, `idSale`) VALUES (45, 1, 14, 1);
INSERT INTO `CulAmpolla`.`SaleLine` (`idSaleLine`, `quantity`, `idGlasses`, `idSale`) VALUES (46, 1, 13, 2);
INSERT INTO `CulAmpolla`.`SaleLine` (`idSaleLine`, `quantity`, `idGlasses`, `idSale`) VALUES (47, 2, 12, 3);
INSERT INTO `CulAmpolla`.`SaleLine` (`idSaleLine`, `quantity`, `idGlasses`, `idSale`) VALUES (48, 1, 11, 4);
INSERT INTO `CulAmpolla`.`SaleLine` (`idSaleLine`, `quantity`, `idGlasses`, `idSale`) VALUES (49, 1, 10, 5);
INSERT INTO `CulAmpolla`.`SaleLine` (`idSaleLine`, `quantity`, `idGlasses`, `idSale`) VALUES (50, 1, 9, 6);
INSERT INTO `CulAmpolla`.`SaleLine` (`idSaleLine`, `quantity`, `idGlasses`, `idSale`) VALUES (51, 1, 8, 7);
INSERT INTO `CulAmpolla`.`SaleLine` (`idSaleLine`, `quantity`, `idGlasses`, `idSale`) VALUES (52, 1, 7, 8);
INSERT INTO `CulAmpolla`.`SaleLine` (`idSaleLine`, `quantity`, `idGlasses`, `idSale`) VALUES (53, 1, 6, 9);
INSERT INTO `CulAmpolla`.`SaleLine` (`idSaleLine`, `quantity`, `idGlasses`, `idSale`) VALUES (54, 1, 5, 10);
INSERT INTO `CulAmpolla`.`SaleLine` (`idSaleLine`, `quantity`, `idGlasses`, `idSale`) VALUES (55, 1, 4, 11);
INSERT INTO `CulAmpolla`.`SaleLine` (`idSaleLine`, `quantity`, `idGlasses`, `idSale`) VALUES (56, 1, 3, 2);
INSERT INTO `CulAmpolla`.`SaleLine` (`idSaleLine`, `quantity`, `idGlasses`, `idSale`) VALUES (57, 1, 2, 1);
INSERT INTO `CulAmpolla`.`SaleLine` (`idSaleLine`, `quantity`, `idGlasses`, `idSale`) VALUES (58, 1, 1, 2);

COMMIT;

